News ID,Content
N10000,Predicting Atlanta United's lineup against Columbus Crew in the U.S. Open Cup
N10001,Mitch McConnell: DC statehood push is 'full bore socialism'
N10002,Home In North Highlands Damaged By Fire
N10003,Meghan McCain blames 'liberal media' and 'third-wave feminism' after getting heat over husband's Kamala Harris T-shirts
N10004,Today in History: Aug 1
N10005,Odell Beckham Jr New Custom Rolls Royce Cullinan
N10006,This Attention-Grabbing Chevrolet Malibu Packs A 454 Ci V8
N10007,"GOP senators urge Trump to reject Iran's 'nuclear blackmail,' seek to 'snapback' sanctions at the UN"
N10008,5 great Mexican restaurants in Lebanon County
N10009,NFL officials union head expects a lot of preseason PI review stoppages
N10010,"Top Analyst Upgrades and Downgrades: American Eagle, Atlassian, Match, NextEra, Nordstom, Office Depot, Roku, Stamps.com, Tanger and More"
N10011,Alice Cooper Shuts Down Rumor He Has a 'Death Pact' With Wife
N10012,The ideal landing spots for the top 30 NBA free agents
N10013,This Popular UK Makeup Brand Is Finally Coming to Target
N10014,Red Line To Be Back To Speed By Labor Day: MBTA
N10015,The #1 Way to Invest for Retirement
N10016,Dan Woike: Kevin Durant's ruptured Achilles could signal the end of one of the great NBA lineups
N10017,Pete Buttigieg raised staggering $7 million in April alone
N10018,Breakfast Mistakes You Didn't Know You Were Making
N10019,Minnie Driver Just Launched a Chic Furniture Collection with One Kings Lane
N10020,Baltimore's budget for ethics enforcement: $0
N10021,Fruit Museum
N10022,"After more than 3 decades, familiar face at Devil's Head Fire Lookout Tower retires"
N10023,Drew League fans took video of LaVar as he found out about Lonzo's trade
N10024,"U.S. Open 2019: Tee times for Round 4, Sunday's TV schedule, how to watch live"
N10025,"At Tampa General Hospital, 3-D printers are removing guesswork for doctors and patients"
N10026,Rockets land in an Iraqi military post home to US personnel
N10027,Trump: '2 weeks and big Deportation begins!'
N10028,Democrats plan to ask Hope Hicks about hush money schemes to silence affair allegations against Trump
N10029,5 Must-See Announcements From Shopify's Unite Conference
N10030,Should Value Investors Pick Buckeye Partners (BPL) Stock?
N10031,16 American commoners who married into royalty
N10032,5 of the Best Stocks to Buy for July
N10033,Man lying in bed shot during drive-by at northwest Houston home
N10034,Report: Rams showing interest in supplemental draft prospect Jalen Thompson
N10035,Democrat Warren wants $7 billion fund to give grants to minority entrepreneurs
N10036,Tennis nonprofit brings lessons to new generation of children
N10037,"Elk Uses a Car as Step Stool in Estes Park, Colorado"
N10038,President Trump doubles down on his fight to add citizenship question to census
N10039,Every-day technologies that came from the space program
N10040,Wendy Williams Just Revealed She's Been Diagnosed With Lymphedema
N10041,Reborn Porsche 935 Shown In Stunning Liveries
N10042,"Dana White says Luke Rockhold broke jaw at UFC 239, urges ex-champ to 'hang it up'"
N10043,Washington Nationals vs Philadelphia Phillies: GameThread 72 of 162
N10044,Game 69 Preview: Indians at Tigers
N10045,Donovan Mitchell predicts where NBA free agents will land
N10046,More Bad News for Sprint and T-Mobile Merger Ambitions
N10047,"Sopranos movie prequel, ""The Many Saints of Newark"""
N10048,Astros insider: Stuck in a frustrating rut
N10049,"Kylie Jenner Talked About 'How Rich She Is' at the Met Gala, Says Alex Rodriguez"
N10050,The Good Fight - The Schtup List (Sneak Peek)
N10051,Democratic Presidential Candidate Elizabeth Warren Visits Homestead Facility For Migrant Children
N10052,Tonto National Forest restrictions ordered due to wildfire risk
N10053,Can you find the penguin among the flock of toucans in this viral brainteaser?
N10054,Inside Walmart's Year-Long Project To Be A Shipper Of Choice
N10055,Okeechobee County deputies investigating overdoses
N10056,"With Luka Samanic, the Spurs get fit without sacrificing potential"
N10057,How Much Does It Cost To Start Riding?
N10058,"'Younger' star Sutton Foster talks filming Marie's Crisis scene, evolution of the show (Exclusive)"
N10059,"Trevor Lawrence says he would ""never"" sit out a bowl game"
N10060,19 things I bought from Amazon to prepare for my deviated septum surgery
N10061,These Portland researchers will pay you to try seaweed bread
N10062,Working For The Weekend: Entertainment Best Bets
N10063,"After a deadly crash, Jarheads rely on their brotherhood to confront tragedy"
N10064,"Balancing Act: In 'Mrs. Everything,' Jennifer Weiner explores her mom's sexuality, evolving gender roles and Donald Trump's America. Is it a beach read? Maybe!"
N10065,Hoiberg Flakes: Alex Gordon & Jordan Burroughs Leads Today's Breakfast
N10066,Gillian Anderson Is Finding #PenisOfTheDay Pics in Nature - #LateLateLondon
N10067,Recruits warm up to Gophers as program adapts to new rules
N10068,"Tyson Fury vs. Tom Schwarz: Fight date, start time, PPV price, odds, full card"
N10069,"Al, Craig and Carson share favorite memories with their dads"
N10070,Luka Jovic Officially Presented as New Real Madrid Player After Passing Medical
N10071,USF Women's Soccer 2019 Schedule Released
N10072,China's job market faces new pressure as trade war with US drags on
N10073,Max Landis Accused By Multiple Women Of Sexual Abuse
N10074,10-year-old boy questioned by police after he played with toy money
N10075,Watch: Manny Machado responds to heckler at Dodger Stadium
N10076,Mexitaly coming to downtown York in part of a $3.6 million project
N10077,Opinions | Americans must accept that none of these things ever happened
N10078,"Adam Devine Angrily Serenades Jimmy with Natalie Imbruglia's ""Torn"""
N10079,"Arch-climbing fans forced down, interrupting Raptors parade"
N10080,Another strong outing for Frankie Montas as A's rip Mariners
N10081,High Point man suffers serious head injuries in four-wheeler crash
N10082,Manhattan couple's dog found safe after Wag walker allegedly steals pooch
N10083,"'Beverly Hills, 90210' Stars and Their Families"
N10084,"Inspired by 'The Whole 30,' Joel Luks went from overweight to Zumba instructor"
N10085,Porsche 996 GT3 RSR Insane Sound
N10086,Princeton High defensive lineman Darrion Henry commits to Ohio State
N10087,Red Sox catcher proclaims team 'back' after sweep of Orioles
N10088,Cisco and American Well are teaming up to let you talk to your doctor from your TV
N10089,"Gavin ""battling to understand"" how Fassler to blame for crash"
N10090,Pools Around Philadelphia To Begin Opening This Week
N10091,Larry Bird's $2.4M Indy mansion for sale; Naples home off the market
N10092,Links: We haven't even reached the halfway point yet
N10093,Why Trump's new vow to use ICE to deport 'millions' matters
N10094,Charlotte sets new record low of 49 degrees Friday morning
N10095,Fear the Walking Dead premiere recap: A crash landing leads to new threats
N10096,California 'Lorax' tree sparks investigation after mysterious fall
N10097,Rookie Tifft transitioning to racing in NASCAR's premier series
N10098,Aron Baynes Highlights 2018/19 NBA Regular Season
N10099,"She was fired for pulling a gun on a black couple. Now, the ex-campground employee has been arrested"
N10100,"Kerry Blackshear Jr. could be nearing transfer decision, reports say"
N10101,"Respawn details Apex Legends' new gun, season 2 weapon improvements"
N10102,Domino's brings self-driving pizza delivery pilot to Houston
N10103,We tried the new 'meatier' Beyond Burger. Here's what it tastes like
N10104,Body Of Man Who Went Missing At American River Confluence In Placer County Found
N10105,Pramila Jayapal talks about her own abortion in op-ed
N10106,Luke Perry's Daughter Honors Late Actor After Father's Day
N10107,US companies voice alarm over China tariffs
N10108,Letter: Data in story on SC 'job haters' seemed to be 'spurious'
N10109,Watch: QB coach breaks down Chargers rookie Easton Stick
N10110,Pop quiz! Kaz Grala surprised with driver's license test
N10111,"Richard P. Kughn, former Lionel toy train co. owner, dies at 89"
N10112,Amtrak reviving Gulf Coast rail line after more than a decade
N10113,A new psychiatrist will evaluate Catherine Hoggle to see if she can stand trial
N10114,CineEurope: Paramount Offers Extended Look at 'Gemini Man'
N10115,Why Pamela Anderson Is Sharing Video of Her Bandaged Hand
N10116,"College World Series scores: Daily TV schedule, bracket, results for 2019 NCAA baseball tournament"
N10117,Women's World Cup Viewing Party Set For Around LA
N10118,Here's Why Generic-Drug Manufacturers Lost As Much As 43.2% in May
N10119,Trump bemoans 'very sad time for America' after citizenship question dropped from census
N10120,How to Naturally Lower Cholesterol Levels in Children
N10121,St. Louis Blues Capture First Stanley Cup With Game Seven Win Over Bruins
N10122,"Unsatisfied with negotiations, Danton Heinen is taking Bruins to salary arbitration"
N10123,Former Maine governor has a new job _ tending bar
N10124,Panthers' Roberto Luongo faces tough decision on future
N10125,Mercedes Fan Builds 300KMH C9 Sauber | RIDICULOUS RIDES
N10126,St. Louis alderman arrested again for outstanding warrants during traffic stop
N10127,LACMA architect Peter Zumthor comments on museum's revised design
N10128,Why Wynn Resorts Stock Plunged 25.7% Last Month
N10129,Ex Miami-Dade School Board Member Solomon Stinson Remains In Jail
N10130,Is Nick Caserio eager to leave Patriots for Texans?
N10131,21 Fascinating Numbers From the 189 FCS-Over-FBS Wins of All Time
N10132,Would you buy this Chevrolet Suburban and RV? We would
N10133,"2020 Kia Telluride first drive: A big, bold SUV with great value"
N10134,15 Ways to Brighten Up Your House to Fight Cabin Fever
N10135,Agostino fired up after scoring in Blues debut
N10136,Steelers LB T.J. Watt snubbed among elite NFL edge defenders
N10137,Kansas City police release photo of person of interest in Monday's homicide
N10138,Easy Recipes You Can Make in a Mug
N10139,Largest cocaine bust in centuries uncovered in Philadelphia
N10140,Why Is Kohl's (KSS) Down 12.3% Since Last Earnings Report?
N10141,"The Latest: Spieth, caddie find rake trouble on No. 2"
N10142,Her 'vision trouble' turned out to be a sign of stroke but she ignored it
N10143,'Avengers: Endgame' failed to beat 'Avatar' for the worldwide box-office record after being rereleased to theaters
N10144,Woman Recently Finds Out Her Late Husband of Over 60 Years Was A Spy!
N10145,Testimony: Suspect Bought Drano After Chinese Scholar Death
N10146,Exclusive: Images show construction on China's third - and largest - aircraft carrier
N10147,Kentucky Peerless is bringing back a classic in a new way 102 years later
N10148,Louisville City FC comes back to beat Nashville SC
N10149,Heirloom Tomato Pie
N10150,Forrest Gump (1994) Trailer #1 | Movieclips Classic Trailers
N10151,Winners and losers from Raptors' series-clinching Game 6 win
N10152,10 overrated US cities and where you should go instead
N10153,Sharks re-sign Tim Heed to one-year contract
N10154,Dozens Of Local Agencies Deemed 'Unauditable' By WA Auditor
N10155,Dacre Montgomery's Stranger Things character influenced by his own style
N10156,Do Keto Supplements For Faster Weight Loss Work?
N10157,General Electric (GE) Stock Sinks As Market Gains: What You Should Know
N10158,Slime from Slugs Could Make Stronger Glue Used in Medical Surgery
N10159,"We will leave EU by Oct. 31, Johnson vows in pitch to be UK PM"
N10160,Cubs host high-scoring Braves in showdown of division leaders
N10161,The 50 Best Places To Retire -- and What It Costs To Live There
N10162,McConnell opens door to vote on Iran war authorization
N10163,Sunday open thread: is the NBA one day away from sweeping changes?
N10164,"Christie Brinkley & Her Daughter Raise a Glass, Plus Pride Celebrations, Miley Cyrus & More"
N10165,"11,000 high school students worship during Forward Conference 2019"
N10166,A woman had a black horn growing from her thumb for 5 years and doctors had to surgically remove it
N10167,Passenger found dead on Princess Cruises ship sailing in the Caribbean
N10168,Winston-Salem Salvation Army Packs Meals to 'Stop Summer Hunger'
N10169,9 Ways to Lose Weight When You're in Your 50s
N10170,NBA's Free Agency Bonanza
N10171,"Cincinnati weather: Father's Day to see more rain, storms"
N10172,Go to the Phoenix Suns Draft Party!
N10173,Middletown woman wanted after allegedly assaulting police officer
N10174,The BMW M5 Competition Is the M5 You Want
N10175,Here's How Amazon's Motor Oil Stacks Up Against Big Name Brands
N10176,Joaquin Castro To Laura Ingraham: 'You're A White Supremacist'
N10177,Can Sam's Club Change How America Buys Tires?
N10178,"The owner of Budweiser and Corona is planning the largest IPO of 2019. Meet the company's famously private CEO, who has only one hobby and doesn't like company perks"
N10179,NBA Draft 2019: Grant Williams selected by Boston Celtics
N10180,Jack Easterby at center of Patriots' tampering charge against Texans
N10181,"Severe Storms With Damaging Winds, Large Hail Possible For IL"
N10182,Man Dead After Crashing Speeding Lamborghini In Northeast Dallas
N10183,The Last Thing America Needs Is Yet Another Open-Ended War In The Middle East
N10184,California's Swimming Pools Have Diarrhea-Causing 'Poop Water'
N10185,This $12 dish is the best comfort food to have in February
N10186,Check It Out: The World's Largest Chest of Drawers
N10187,Welcome to Motherhood! Celebrities Who Became First-Time Moms This Year
N10188,"Departing Volusia Superintendent Tom Russell to get $244,300 from district"
N10189,"Radio host apologizes for Andy Reid comments, pulled off air indefinitely"
N10190,Ramsey veteran draws on experience for military psychological thriller
N10191,11 Summer Sandals We Found at Walmart and Need ASAP - Starting at Just $25
N10192,Better buy: Apple vs. Microsoft
N10193,"Democrats want investigation into cost, legality of Trump's July 4th event"
N10194,"Joseph Iscovitz, one of few remaining Pearl Harbor survivors, dies at 103"
N10195,Alaska Air criticized after video surfaces of worker 'carelessly throwing luggage' off plane
N10196,NBA Draft: Jaxson Hayes' mom was one of Iowa's greatest basketball players ever
N10197,Alex Dickerson's historic debut leads Giants past Diamondbacks
N10198,3 Pounds Of Pot; New Playland Ride; Jersey Mike's Opening
N10199,Gemini: Your daily horoscope - July 12
