Summary ID,Content
SUMM0001,Working For The Weekend: Entertainment Best Bets
SUMM0002,"The Latest: Spieth, caddie find rake trouble on No. 2"
SUMM0003,"With Luka Samanic, the Spurs get fit without sacrificing potential"
SUMM0004,Links: We haven't even reached the halfway point yet
SUMM0005,"We will leave EU by Oct. 31, Johnson vows in pitch to be UK PM"
SUMM0006,Aron Baynes Highlights 2018/19 NBA Regular Season
SUMM0007,"Radio host apologizes for Andy Reid comments, pulled off air indefinitely"
SUMM0008,The Last Thing America Needs Is Yet Another Open-Ended War In The Middle East
SUMM0009,Mitch McConnell: DC statehood push is 'full bore socialism'
SUMM0010,California's Swimming Pools Have Diarrhea-Causing 'Poop Water'
SUMM0011,USF Women's Soccer 2019 Schedule Released
SUMM0012,Forrest Gump (1994) Trailer #1 | Movieclips Classic Trailers
SUMM0013,"College World Series scores: Daily TV schedule, bracket, results for 2019 NCAA baseball tournament"
SUMM0014,10-year-old boy questioned by police after he played with toy money
SUMM0015,Democrat Warren wants $7 billion fund to give grants to minority entrepreneurs
SUMM0016,Forrest Gump (1994) Trailer #1 | Movieclips Classic Trailers
SUMM0017,"Trevor Lawrence says he would ""never"" sit out a bowl game"
SUMM0018,Astros insider: Stuck in a frustrating rut
SUMM0019,Meghan McCain blames 'liberal media' and 'third-wave feminism' after getting heat over husband's Kamala Harris T-shirts
SUMM0020,Rookie Tifft transitioning to racing in NASCAR's premier series
SUMM0021,"Top Analyst Upgrades and Downgrades: American Eagle, Atlassian, Match, NextEra, Nordstom, Office Depot, Roku, Stamps.com, Tanger and More"
SUMM0022,Red Sox catcher proclaims team 'back' after sweep of Orioles
SUMM0023,High Point man suffers serious head injuries in four-wheeler crash
SUMM0024,Democrat Warren wants $7 billion fund to give grants to minority entrepreneurs
SUMM0025,Woman Recently Finds Out Her Late Husband of Over 60 Years Was A Spy!
SUMM0026,Would you buy this Chevrolet Suburban and RV? We would
SUMM0027,Go to the Phoenix Suns Draft Party!
SUMM0028,"'Beverly Hills, 90210' Stars and Their Families"
SUMM0029,Is Nick Caserio eager to leave Patriots for Texans?
SUMM0030,Jack Easterby at center of Patriots' tampering charge against Texans
SUMM0031,Exclusive: Images show construction on China's third - and largest - aircraft carrier
SUMM0032,"At Tampa General Hospital, 3-D printers are removing guesswork for doctors and patients"
SUMM0033,The 50 Best Places To Retire -- and What It Costs To Live There
SUMM0034,Pop quiz! Kaz Grala surprised with driver's license test
SUMM0035,Rockets land in an Iraqi military post home to US personnel
SUMM0036,16 American commoners who married into royalty
SUMM0037,19 things I bought from Amazon to prepare for my deviated septum surgery
SUMM0038,Larry Bird's $2.4M Indy mansion for sale; Naples home off the market
SUMM0039,Testimony: Suspect Bought Drano After Chinese Scholar Death
SUMM0040,Joaquin Castro To Laura Ingraham: 'You're A White Supremacist'
SUMM0041,"She was fired for pulling a gun on a black couple. Now, the ex-campground employee has been arrested"
SUMM0042,Mitch McConnell: DC statehood push is 'full bore socialism'
SUMM0043,Recruits warm up to Gophers as program adapts to new rules
SUMM0044,Tonto National Forest restrictions ordered due to wildfire risk
SUMM0045,Democrats plan to ask Hope Hicks about hush money schemes to silence affair allegations against Trump
SUMM0046,A woman had a black horn growing from her thumb for 5 years and doctors had to surgically remove it
SUMM0047,Winners and losers from Raptors' series-clinching Game 6 win
SUMM0048,Ramsey veteran draws on experience for military psychological thriller
SUMM0049,Report: Rams showing interest in supplemental draft prospect Jalen Thompson
SUMM0050,Pete Buttigieg raised staggering $7 million in April alone
